"Season","Id","Name","Position","Team","Conference","Usage Overall","Usage Pass","Usage Rush","Usage FirstDown","Usage SecondDown","Usage ThirdDown","Usage StandardDowns","Usage PassingDowns"
"2025","3949586","Jake Taylor","TE","Duke","ACC","0.035","0.066","0","0.031","0.021","0.08","0.051","0"
"2025","4362263","Jalynn Williams","RB","Pittsburgh","ACC","0.03","0.009","0.06","0.035","0.016","0.051","0.042","0"
"2025","4379471","Tyler Brown","WR","Clemson","ACC","0.055","0.083","0.017","0.052","0.033","0.099","0.049","0.068"
"2025","4428451","Brett Seither","TE","Georgia Tech","ACC","0.033","0.07","0","0.032","0.032","0.044","0.026","0.057"
"2025","4428993","Haynes King","QB","Georgia Tech","ACC","0.616","0.901","0.382","0.532","0.63","0.795","0.566","0.762"
"2025","4429173","Bryce Farrell","WR","Stanford","ACC","0.067","0.109","0.017","0.074","0.073","0.046","0.062","0.076"
"2025","4430185","Caullin Lacy","WR","Louisville","ACC","0.111","0.182","0.038","0.12","0.086","0.139","0.098","0.144"
"2025","4430565","Will Nixon","RB","Syracuse","ACC","0.153","0.067","0.248","0.188","0.136","0.139","0.183","0.089"
"2025","4430841","Carson Beck","QB","Miami","ACC","0.478","0.915","0.083","0.385","0.501","0.692","0.391","0.727"
"2025","4430894","Caziah Holmes","RB","Florida State","ACC","0.05","0","0.075","0.058","0.062","0.016","0.052","0.043"
"2025","4431081","Sage Ennis","TE","Virginia","ACC","0.046","0.096","0","0.052","0.053","0.023","0.047","0.042"
"2025","4431114","Ben Gulbranson","QB","Stanford","ACC","0.479","0.857","0.029","0.419","0.473","0.619","0.373","0.693"
"2025","4431197","Romello Brinson","WR","SMU","ACC","0.098","0.175","0.004","0.097","0.094","0.116","0.099","0.096"
"2025","4431209","Dacari Collins","WR","Louisville","ACC","0.053","0.11","0","0.049","0.062","0.052","0.035","0.104"
"2025","4431303","Jake Overman","TE","Pittsburgh","ACC","0.027","0.05","0","0.017","0.04","0.034","0.019","0.042"
"2025","4431505","Kobe Paysour","WR","North Carolina","ACC","0.105","0.191","0","0.086","0.095","0.143","0.095","0.129"
"2025","4431580","Miller Moss","QB","Louisville","ACC","0.527","0.948","0.074","0.458","0.504","0.736","0.45","0.735"
"2025","4431600","Jayden Thomas","WR","Virginia","ACC","0.023","0.052","0","0","0.024","0.036","0.021","0.028"
"2025","4432260","Matthew Hibner","TE","SMU","ACC","0.055","0.102","0","0.041","0.067","0.066","0.038","0.094"
"2025","4432506","Sawyer Racanelli","WR","Wake Forest","ACC","0.055","0.113","0","0.042","0.034","0.108","0.034","0.096"
"2025","4432718","LJ Johnson Jr.","RB","California","ACC","0.085","0.035","0.152","0.083","0.104","0.041","0.079","0.097"
"2025","4565318","Terion Stewart","RB","Virginia Tech","ACC","0.135","0.028","0.229","0.181","0.169","0.025","0.162","0.082"
"2025","4567033","Donavon Greene","WR","Virginia Tech","ACC","0.067","0.129","0","0.069","0.063","0.073","0.054","0.094"
"2025","4567707","Grayson James","QB","Boston College","ACC","0.326","0.489","0.126","0.314","0.301","0.38","0.28","0.445"
"2025","4569001","Cameron Ross","WR","Virginia","ACC","0.077","0.162","0.002","0.083","0.061","0.078","0.071","0.09"
"2025","4576294","Harrison Waylee","RB","Virginia","ACC","0.143","0.031","0.247","0.132","0.176","0.121","0.152","0.123"
"2025","4587701","Andrel Anthony Jr.","WR","Duke","ACC","0.054","0.094","0","0.064","0.046","0.047","0.062","0.038"
"2025","4589233","Dylan Goffney","WR","SMU","ACC","0.016","0.033","0","0","0.05","0","0","0.053"
"2025","4595341","Caleb Hood","RB","North Carolina","ACC","0.129","0.073","0.185","0.147","0.14","0.108","0.124","0.14"
"2025","4602192","Landen King","TE","Duke","ACC","0.029","0.05","0","0.038","0.01","0.018","0.039","0.005"
"2025","4603746","Malik Rutherford","WR","Georgia Tech","ACC","0.074","0.141","0.02","0.082","0.077","0.057","0.069","0.088"
"2025","4604004","Keelan Marion","WR","Miami","ACC","0.079","0.159","0.008","0.046","0.1","0.13","0.061","0.131"
"2025","4605951","C.J. Daniels","WR","Miami","ACC","0.082","0.172","0","0.068","0.086","0.118","0.066","0.125"
"2025","4608858","Dan Villari","TE","Syracuse","ACC","0.091","0.129","0.05","0.067","0.105","0.116","0.077","0.119"
"2025","4608922","Braydon Bennett","RB","Virginia Tech","ACC","0.038","0.014","0.063","0.046","0.023","0.048","0.041","0.029"
"2025","4611995","Jamal Haynes","RB","Georgia Tech","ACC","0.193","0.113","0.27","0.244","0.19","0.07","0.224","0.105"
"2025","4612246","Sahmir Hagans","WR","Duke","ACC","0.061","0.113","0","0.05","0.05","0.106","0.044","0.1"
"2025","4612297","Markeston Douglas","TE","Florida State","ACC","0.049","0.125","0","0","0.143","0","0","0.136"
"2025","4612558","Anderson Castle","RB","Duke","ACC","0.133","0.036","0.251","0.128","0.139","0.139","0.164","0.059"
"2025","4678010","Kyron Drones","QB","Virginia Tech","ACC","0.628","0.975","0.338","0.507","0.619","0.838","0.553","0.779"
"2025","4682484","Stone Eby","TE","SMU","ACC","0.015","0.034","0","0.034","0","0","0.02","0"
"2025","4683159","Lewis Bond","WR","Boston College","ACC","0.143","0.235","0.019","0.124","0.13","0.199","0.111","0.218"
"2025","4683306","Landon Morris","TE","California","ACC","0.028","0.048","0","0.023","0.031","0.038","0.028","0.026"
"2025","4683571","Eni Falayi","TE","Wake Forest","ACC","0.046","0.094","0","0.039","0.073","0.028","0.05","0.039"
"2025","4683886","Jahmal Edrine","WR","Virginia","ACC","0.06","0.127","0","0.059","0.058","0.069","0.049","0.083"
"2025","4683923","Banks Pope","TE","Clemson","ACC","0.015","0.027","0","0.029","0","0","0.022","0"
"2025","4685131","J.T. Byrne","TE","Georgia Tech","ACC","0.017","0.031","0.005","0.018","0.017","0","0.019","0.011"
"2025","4685252","Henry Belin IV","QB","Duke","ACC","0.038","0.035","0.041","0.016","0.034","0.064","0.016","0.089"
"2025","4685364","Andre Greene Jr.","WR","Virginia","ACC","0.013","0.029","0","0.031","0","0","0.018","0"
"2025","4685366","Benji Gosnell","TE","Virginia Tech","ACC","0.033","0.068","0","0.011","0.056","0.05","0.015","0.075"
"2025","4685409","Jordan Hudson","WR","SMU","ACC","0.113","0.201","0.004","0.108","0.1","0.153","0.1","0.145"
"2025","4685413","Cade Klubnik","QB","Clemson","ACC","0.563","0.9","0.175","0.496","0.596","0.665","0.512","0.694"
"2025","4685414","Jake Johnson","TE","North Carolina","ACC","0.07","0.121","0","0.059","0.1","0.028","0.058","0.099"
"2025","4685504","Sam Roush","TE","Stanford","ACC","0.099","0.187","0","0.112","0.1","0.083","0.085","0.128"
"2025","4685526","Adam Randall","RB","Clemson","ACC","0.24","0.101","0.423","0.278","0.242","0.186","0.27","0.167"
"2025","4685545","Gavin Sawchuk","RB","Florida State","ACC","0.147","0.049","0.222","0.144","0.145","0.167","0.176","0.079"
"2025","4685560","Jaleel Skinner","TE","Louisville","ACC","0.034","0.066","0","0.032","0.026","0.05","0.034","0.036"
"2025","4685594","Dakota Twitty","TE","Virginia","ACC","0.046","0.1","0","0.046","0.048","0.051","0.036","0.073"
"2025","4685691","Brady Allen","QB","Louisville","ACC","0.11","0.193","0.018","0.109","0.049","0.227","0.079","0.207"
"2025","4685694","Steven Angeli","QB","Syracuse","ACC","0.55","0.901","0.104","0.49","0.564","0.673","0.467","0.78"
"2025","4685723","Roydell Williams","RB","Florida State","ACC","0.055","0.028","0.077","0.073","0.041","0.032","0.066","0.034"
"2025","4685740","Max Johnson","QB","North Carolina","ACC","0.412","0.623","0.081","0.406","0.397","0.4","0.369","0.507"
"2025","4686769","Ashaad Clayton","RB","SMU","ACC","0.042","0.015","0.076","0.042","0.056","0.02","0.053","0.014"
"2025","4688216","Chevy Brenson","WR","Wake Forest","ACC","0.015","0.035","0","0.017","0.024","0","0.01","0.029"
"2025","4688541","Kyion Grayes","WR","California","ACC","0.026","0.036","0","0.034","0.037","0","0.023","0.029"
"2025","4692530","Chandler Morris","QB","Virginia","ACC","0.453","0.866","0.086","0.445","0.429","0.498","0.381","0.606"
"2025","4693954","Ian Schieffelin","TE","Clemson","ACC","0.03","0.053","0","0.032","0.049","0","0.042","0"
"2025","4695709","Devin Brown","QB","California","ACC","0.028","0.045","0.007","0.013","0.017","0.071","0.021","0.045"
"2025","4696686","Deuce Spann","WR","Pittsburgh","ACC","0.028","0.047","0.006","0.021","0.021","0.053","0.02","0.045"
"2025","4696688","Josh Beetham","TE","Georgia Tech","ACC","0.016","0.036","0","0.011","0","0.028","0.021","0"
"2025","4697512","Robby Ashford","QB","Wake Forest","ACC","0.58","0.899","0.294","0.511","0.592","0.706","0.509","0.727"
"2025","4702913","R.J. Maryland","TE","SMU","ACC","0.047","0.085","0","0.07","0.03","0.022","0.057","0.023"
"2025","4703030","Jaiven Plummer","WR","California","ACC","0.019","0.032","0","0.025","0.011","0.019","0.016","0.024"
"2025","4705557","Quaron Adams","WR","California","ACC","0.04","0.055","0.016","0.042","0.05","0.023","0.047","0.024"
"2025","4708354","Jeremiah Franklin","TE","Boston College","ACC","0.076","0.132","0","0.047","0.121","0.06","0.069","0.093"
"2025","4708487","Jaquez Moore","RB","Duke","ACC","0.09","0.026","0.171","0.111","0.105","0.022","0.097","0.071"
"2025","4713118","J'mari Taylor","RB","Virginia","ACC","0.272","0.115","0.424","0.274","0.274","0.268","0.31","0.186"
"2025","4713277","Eric Rivers","WR","Georgia Tech","ACC","0.087","0.169","0.017","0.089","0.095","0.07","0.079","0.11"
"2025","4726129","Harrison Saint Germain","TE","Virginia Tech","ACC","0.017","0.033","0","0.013","0.017","0.024","0.023","0"
"2025","4773919","Thomas Castellanos","QB","Florida State","ACC","0.502","0.891","0.228","0.434","0.505","0.622","0.416","0.7"
"2025","4804878","Cooper Barkate","WR","Duke","ACC","0.121","0.224","0","0.123","0.107","0.133","0.114","0.138"
"2025","4816323","Nate Kurisky","TE","Louisville","ACC","0.039","0.075","0","0.029","0.051","0.047","0.036","0.046"
"2025","4824124","Alex Broome","RB","Boston College","ACC","0.051","0","0.108","0.057","0.083","0","0.048","0.063"
"2025","4832029","Alex Bauman","TE","Miami","ACC","0.036","0.075","0","0.023","0.045","0.06","0.029","0.056"
"2025","4832846","Demond Claiborne","RB","Wake Forest","ACC","0.257","0.106","0.401","0.306","0.237","0.188","0.296","0.176"
"2025","4837258","Travis Bates","RB","Duke","ACC","0.069","0","0.129","0.066","0.07","0.083","0.056","0.098"
"2025","4837385","Jordan Mcdonald","RB","Boston College","ACC","0.113","0.027","0.233","0.138","0.113","0.06","0.139","0.049"
"2025","4840118","Tucker Holloway","WR","Virginia Tech","ACC","0.037","0.071","0","0.033","0.048","0.029","0.028","0.061"
"2025","4868171","Tate Carney","RB","Wake Forest","ACC","0.018","0","0.032","0","0.063","0","0.027","0"
"2025","4868249","Davis Lane","RB","Virginia","ACC","0.028","0","0.051","0.03","0.05","0","0.027","0.029"
"2025","4869728","Jeremiah Hasley","TE","Duke","ACC","0.053","0.098","0","0.039","0.054","0.059","0.046","0.071"
"2025","4869961","Chris Bell","WR","Louisville","ACC","0.152","0.279","0","0.154","0.151","0.162","0.143","0.175"
"2025","4870645","Rickie Collins","QB","Syracuse","ACC","0.441","0.697","0.135","0.333","0.467","0.6","0.307","0.694"
"2025","4870656","Johntay Cook II","WR","Syracuse","ACC","0.092","0.174","0.003","0.061","0.126","0.103","0.067","0.145"
"2025","4870709","Shamar Easter","TE","North Carolina","ACC","0.016","0.035","0","0.017","0","0.038","0.022","0"
"2025","4870736","Mark Fletcher Jr.","RB","Miami","ACC","0.237","0.048","0.426","0.289","0.231","0.12","0.281","0.111"
"2025","4870770","Nathaniel Joseph","WR","Miami","ACC","0.045","0.079","0","0.029","0.043","0.167","0.019","0.154"
"2025","4870789","Jaxson Lavender","WR","SMU","ACC","0.06","0","0.133","0.065","0.095","0","0.061","0.056"
"2025","4870802","Sedrick Irvin","RB","Stanford","ACC","0.07","0.012","0.143","0.091","0.068","0.036","0.083","0.044"
"2025","4870819","Eli Holstein","QB","Pittsburgh","ACC","0.383","0.538","0.163","0.349","0.383","0.456","0.353","0.443"
"2025","4870826","Micah Mays Jr.","WR","Wake Forest","ACC","0.069","0.138","0","0.051","0.099","0.069","0.059","0.089"
"2025","4870870","Ty Lockwood","TE","Boston College","ACC","0.019","0.031","0","0.026","0.019","0","0.017","0.023"
"2025","4870900","Dylan Lonergan","QB","Boston College","ACC","0.439","0.694","0.076","0.379","0.455","0.556","0.378","0.583"
"2025","4870922","Duce Robinson","WR","Florida State","ACC","0.106","0.255","0","0.101","0.105","0.122","0.092","0.138"
"2025","4870929","Noah Rogers","WR","NC State","ACC","0.066","0.132","0","0.043","0.094","0.083","0.048","0.106"
"2025","4870941","Cameron Seldon","WR","Virginia Tech","ACC","0.043","0.072","0.018","0.066","0.03","0.021","0.05","0.029"
"2025","4870954","Randy Pittman","TE","Florida State","ACC","0.065","0.128","0.015","0.047","0.058","0.1","0.047","0.102"
"2025","4870955","Samuel Singleton","RB","Florida State","ACC","0.105","0.01","0.182","0.15","0.088","0.045","0.14","0.021"
"2025","4871001","Jaedn Skeete","WR","Boston College","ACC","0.056","0.098","0","0.038","0.077","0.065","0.043","0.082"
"2025","4871053","Daylan Smothers","RB","NC State","ACC","0.288","0.116","0.472","0.448","0.163","0.171","0.356","0.15"
"2025","4871148","Jaylin Lucas","RB","Florida State","ACC","0.05","0.046","0.054","0.048","0.062","0.038","0.048","0.055"
"2025","4871708","Luke McLaughlin","WR","Boston College","ACC","0.042","0.073","0","0.047","0.033","0.048","0.036","0.057"
"2025","4873276","Zach Jackson","WR","Clemson","ACC","0.015","0.027","0","0.029","0","0","0.022","0"
"2025","4873442","Xavier Brown","RB","Virginia","ACC","0.112","0.034","0.182","0.105","0.159","0.073","0.125","0.083"
"2025","4873609","Daylon Gordon","RB","Georgia Tech","ACC","0.016","0","0.034","0.032","0","0","0.022","0"
"2025","4875128","Lex Thomas","QB","NC State","ACC","0.058","0.113","0","0.017","0.053","0.15","0.023","0.143"
"2025","4875272","Trond Grizzell","WR","California","ACC","0.106","0.18","0","0.07","0.149","0.123","0.073","0.181"
"2025","4875613","Dean Patterson","WR","Georgia Tech","ACC","0.039","0.088","0","0.043","0.044","0.026","0.04","0.037"
"2025","4876056","Jeffrey Johnson","TE","California","ACC","0.015","0.023","0","0","0.029","0.022","0","0.041"
"2025","4876144","Tuna Altahir","RB","Stanford","ACC","0.066","0.007","0.139","0.047","0.093","0.075","0.087","0.025"
"2025","4877558","Raphael Williams","WR","Pittsburgh","ACC","0.087","0.156","0.003","0.066","0.108","0.096","0.077","0.106"
"2025","4879499","Tony Johnson","WR","Miami","ACC","0.028","0.058","0","0.019","0.028","0.063","0.03","0.022"
"2025","4880279","P.J. Prioleau","RB","Virginia Tech","ACC","0.057","0.059","0.055","0.07","0.056","0.041","0.065","0.04"
"2025","4882122","Sterling Berkhalter","WR","Wake Forest","ACC","0.055","0.116","0","0.038","0.054","0.092","0.036","0.094"
"2025","4888723","Wesley Grimes","WR","NC State","ACC","0.056","0.115","0","0.041","0.075","0.069","0.04","0.093"
"2025","4893815","JaMario Clements","RB","Wake Forest","ACC","0.06","0.018","0.102","0.062","0.072","0.032","0.067","0.044"
"2025","4898018","Josh Sapp","TE","Clemson","ACC","0.027","0.047","0","0.025","0.04","0.008","0.025","0.032"
"2025","4899368","Kendrick Raphael","RB","California","ACC","0.292","0.077","0.618","0.372","0.269","0.165","0.362","0.135"
"2025","4899369","Christopher Vizzina","QB","Clemson","ACC","0.286","0.416","0.14","0.252","0.288","0.368","0.227","0.436"
"2025","4899472","Chris Culliver","WR","North Carolina","ACC","0.05","0.102","0","0.066","0.047","0.032","0.052","0.048"
"2025","4899704","Jordan King","WR","California","ACC","0.041","0.068","0","0.026","0.038","0.084","0.023","0.08"
"2025","4910239","Justus Ross-Simmons","WR","Syracuse","ACC","0.085","0.15","0","0.089","0.048","0.122","0.075","0.108"
"2025","4910711","Justin Holmes","TE","Pittsburgh","ACC","0.05","0.09","0","0.048","0.073","0.029","0.053","0.044"
"2025","4912052","Justin Joly","TE","NC State","ACC","0.079","0.157","0","0.057","0.11","0.07","0.073","0.09"
"2025","4912130","Trell Harris","WR","Virginia","ACC","0.084","0.18","0","0.084","0.069","0.108","0.07","0.115"
"2025","4914482","Charlie Mirer","QB","Stanford","ACC","0.057","0.077","0.036","0.038","0.095","0.053","0.025","0.1"
"2025","4914980","Cole Turner","WR","Clemson","ACC","0.043","0.082","0.004","0.041","0.056","0.035","0.035","0.063"
"2025","4917119","Devin Alves","WR","Virginia Tech","ACC","0.031","0.069","0","0.017","0.081","0","0.012","0.068"
"2025","4918417","Ayden Greene","WR","Virginia Tech","ACC","0.086","0.185","0","0.093","0.085","0.075","0.077","0.104"
"2025","4920140","Nathan Leacock","WR","North Carolina","ACC","0.028","0.036","0.014","0.013","0.036","0.056","0.016","0.054"
"2025","4920153","William Watson III","QB","Virginia Tech","ACC","0.05","0.054","0.047","0.064","0.027","0.045","0.042","0.067"
"2025","4920158","Brock Glenn","QB","Florida State","ACC","0.057","0.114","0.032","0.059","0.043","0.065","0.06","0.048"
"2025","4920227","Giovanni Lopez","QB","North Carolina","ACC","0.505","0.813","0.199","0.422","0.511","0.649","0.449","0.634"
"2025","4921322","Zion Taylor","WR","Georgia Tech","ACC","0.024","0.057","0","0.022","0.031","0.02","0.018","0.045"
"2025","4922987","Takye Heath","WR","Virginia Tech","ACC","0.062","0.131","0.004","0.045","0.09","0.05","0.052","0.08"
"2025","4923046","Keyjuan Brown","RB","Louisville","ACC","0.164","0.042","0.32","0.196","0.148","0.134","0.192","0.085"
"2025","4923057","Connor Cox","TE","North Carolina","ACC","0.027","0.043","0","0.035","0.017","0","0.04","0"
"2025","4923059","Jeremiah Coney","RB","Virginia Tech","ACC","0.053","0.015","0.094","0.057","0.045","0.065","0.055","0.05"
"2025","4923295","Kenny Johnson","WR","Pittsburgh","ACC","0.082","0.144","0.006","0.066","0.093","0.09","0.065","0.114"
"2025","4923298","Peyton Jones","RB","Duke","ACC","0.077","0.04","0.141","0.065","0.108","0.063","0.075","0.081"
"2025","5004520","David Clement","TE","Syracuse","ACC","0.014","0.026","0","0","0.028","0","0.018","0"
"2025","5008017","Benjamin Hall","RB","North Carolina","ACC","0.131","0.055","0.225","0.161","0.15","0.062","0.142","0.106"
"2025","5031157","Reed Harris","WR","Boston College","ACC","0.088","0.151","0.003","0.092","0.066","0.116","0.08","0.108"
"2025","5075800","Emory Williams","QB","Miami","ACC","0.098","0.178","0.02","0.067","0.1","0.154","0.069","0.205"
"2025","5077304","Zeke Moore","TE","Boston College","ACC","0.016","0.027","0","0.036","0","0","0.023","0"
"2025","5077804","Chico Holt","TE","Stanford","ACC","0.013","0.03","0","0","0","0.053","0.019","0"
"2025","5078110","Noah Vaughn","RB","Virginia","ACC","0.072","0.007","0.132","0.051","0.092","0.083","0.068","0.082"
"2025","5078422","Brandon High","RB","California","ACC","0.069","0.005","0.151","0.095","0.059","0.042","0.085","0.029"
"2025","5079301","CJ Bailey","QB","NC State","ACC","0.547","0.951","0.145","0.387","0.667","0.752","0.437","0.783"
"2025","5079318","Elijah Brown","QB","Stanford","ACC","0.386","0.717","0.02","0.294","0.37","0.542","0.293","0.569"
"2025","5079324","Christian Bentancur","TE","Clemson","ACC","0.038","0.066","0","0.032","0.036","0.062","0.034","0.046"
"2025","5079349","Isaac Brown","RB","Louisville","ACC","0.183","0.051","0.356","0.218","0.182","0.117","0.209","0.111"
"2025","5079364","Kam Davis","RB","Florida State","ACC","0.05","0.043","0.053","0.056","0.041","0.057","0.046","0.065"
"2025","5079374","Ny Carr","WR","Miami","ACC","0.029","0.056","0","0.042","0.02","0","0.028","0.033"
"2025","5079438","David Eziomume","RB","Clemson","ACC","0.054","0.014","0.114","0.074","0.019","0.079","0.068","0.02"
"2025","5079468","Davion Gause","RB","North Carolina","ACC","0.12","0.06","0.192","0.126","0.102","0.143","0.129","0.099"
"2025","5079503","Elija Lofton","TE","Miami","ACC","0.036","0.068","0.008","0.05","0.02","0.035","0.04","0.025"
"2025","5079523","Derrick McFall","RB","SMU","ACC","0.068","0.056","0.086","0.07","0.073","0.047","0.079","0.042"
"2025","5079524","Keenan Jackson","WR","NC State","ACC","0.055","0.11","0","0.047","0.061","0.07","0.046","0.073"
"2025","5079539","Elijah Moore","WR","Florida State","ACC","0.024","0.074","0","0.02","0.045","0","0.019","0.042"
"2025","5079591","Jordan Lyle","RB","Miami","ACC","0.108","0.026","0.193","0.132","0.121","0.046","0.128","0.056"
"2025","5079610","Jayden Moore","WR","Duke","ACC","0.045","0.084","0","0.044","0.03","0.088","0.036","0.068"
"2025","5079687","Jordan Shipp","WR","North Carolina","ACC","0.117","0.218","0.007","0.112","0.112","0.129","0.104","0.147"
"2025","5079704","Emanuel Ross","WR","Syracuse","ACC","0.058","0.108","0","0.067","0.05","0.034","0.054","0.065"
"2025","5079736","Alex Taylor","WR","North Carolina","ACC","0.03","0.057","0","0.053","0","0.027","0.035","0.019"
"2025","5079738","Landen Thomas","TE","Florida State","ACC","0.019","0.041","0","0","0.029","0.054","0.007","0.048"
"2025","5079745","Joshisa Trader","WR","Miami","ACC","0.036","0.079","0","0.021","0.029","0.089","0.024","0.071"
"2025","5079749","Yasin Willis","RB","Syracuse","ACC","0.232","0.042","0.468","0.264","0.247","0.129","0.31","0.075"
"2025","5081209","Eli Wood","WR","Virginia","ACC","0.033","0.07","0","0.028","0.018","0.066","0.026","0.049"
"2025","5081368","Squirrel White","WR","Florida State","ACC","0.031","0.053","0.013","0.033","0.034","0.027","0.031","0.029"
"2025","5081432","Antonio Williams","WR","Clemson","ACC","0.127","0.199","0.045","0.122","0.116","0.16","0.118","0.149"
"2025","5081434","Trent Pearman","QB","Clemson","ACC","0.052","0.066","0.034","0.048","0","0.12","0.032","0.1"
"2025","5081435","Keith Adams Jr.","RB","Clemson","ACC","0.049","0","0.11","0.05","0.073","0.02","0.052","0.04"
"2025","5081845","Ashton Locklear","WR","NC State","ACC","0.051","0.088","0","0.03","0.056","0.143","0.045","0.067"
"2025","5082662","Cole Boscia","WR","California","ACC","0.022","0.036","0","0.025","0.016","0.028","0.02","0.027"
"2025","5084084","Kevin Jennings","QB","SMU","ACC","0.577","0.953","0.131","0.527","0.567","0.723","0.491","0.777"
"2025","5084086","Charlie Fiser","QB","SMU","ACC","0.035","0.055","0.015","0.045","0","0.071","0.049","0"
"2025","5084094","Keaton Cheves","WR","SMU","ACC","0.013","0.026","0","0.029","0","0","0.019","0"
"2025","5084658","Terrell Anderson","WR","NC State","ACC","0.06","0.121","0","0.034","0.079","0.098","0.043","0.096"
"2025","5084905","Jaylan Hornsby","WR","Syracuse","ACC","0.049","0.081","0","0.057","0.042","0.05","0.056","0.031"
"2025","5084906","Jaden Hart","RB","Syracuse","ACC","0.066","0.028","0.104","0.079","0.074","0.017","0.088","0.021"
"2025","5085024","CJ Williams","WR","Stanford","ACC","0.12","0.224","0","0.096","0.126","0.153","0.088","0.184"
"2025","5085246","Tylyric Coleman","WR","Virginia","ACC","0.025","0.058","0","0.027","0.02","0.029","0.017","0.047"
"2025","5085370","Jordan Owens","TE","North Carolina","ACC","0.023","0.039","0","0.02","0.029","0.022","0.019","0.035"
"2025","5085609","Treyshun Hurry","WR","Louisville","ACC","0.033","0.063","0","0.035","0.026","0.043","0.029","0.044"
"2025","5086027","TJ Harden","RB","SMU","ACC","0.208","0.04","0.423","0.208","0.218","0.182","0.247","0.118"
"2025","5086051","Vincent Wilkins","WR","Boston College","ACC","0.017","0.03","0","0.029","0.01","0","0.018","0.012"
"2025","5086096","Lawayne McCoy","WR","Florida State","ACC","0.051","0.114","0","0.054","0.039","0.062","0.043","0.068"
"2025","5086448","Kamrean Johnson","TE","Wake Forest","ACC","0.03","0.065","0","0.028","0.039","0.024","0.034","0.022"
"2025","5086529","Cody Hardy","TE","NC State","ACC","0.021","0.04","0","0.026","0.013","0.024","0.024","0.014"
"2025","5088153","Micahi Danzy","WR","Florida State","ACC","0.066","0.123","0.027","0.06","0.092","0.049","0.057","0.088"
"2025","5089535","Desmond Reid","RB","Pittsburgh","ACC","0.179","0.108","0.271","0.23","0.16","0.113","0.213","0.11"
"2025","5089539","Censere Lee","WR","Pittsburgh","ACC","0.038","0.069","0","0.044","0.03","0.044","0.036","0.041"
"2025","5089540","Cole Gonzales","QB","Pittsburgh","ACC","0.133","0.214","0.013","0.115","0.15","0.128","0.102","0.197"
"2025","5092419","Josh Altsman","TE","Pittsburgh","ACC","0.029","0.052","0","0.022","0.044","0.026","0.027","0.034"
"2025","5097140","Mason Andrade","TE","Wake Forest","ACC","0.017","0","0.03","0","0.056","0","0.023","0"
"2025","5099305","Antonio Meeks","WR","Louisville","ACC","0.035","0.071","0","0.024","0.045","0.049","0.027","0.058"
"2025","5102556","Cataurus Hicks","WR","Pittsburgh","ACC","0.056","0.096","0.01","0.07","0.047","0.037","0.055","0.06"
"2025","5103639","Trelain Maddox","RB","Georgia Tech","ACC","0.023","0.01","0.035","0.009","0.043","0.029","0.023","0.025"
"2025","5107875","Cole Tabb","RB","Stanford","ACC","0.148","0.019","0.305","0.194","0.145","0.083","0.205","0.035"
"2025","5112674","Bryant Wesco Jr.","WR","Clemson","ACC","0.091","0.157","0.005","0.077","0.114","0.086","0.097","0.077"
"2025","5114313","Jordan Onovughe","WR","Stanford","ACC","0.014","0.022","0","0","0.047","0","0.011","0.021"
"2025","5114331","Suderian Harrison","WR","Virginia","ACC","0.019","0.043","0","0.04","0","0","0.025","0"
"2025","5120971","Aziah Johnson","WR","North Carolina","ACC","0.035","0.08","0","0.083","0","0","0.05","0"
"2025","5121169","Darian Mensah","QB","Duke","ACC","0.555","0.966","0.071","0.502","0.527","0.717","0.484","0.72"
"2025","5121471","Tyshawn Russell","WR","Syracuse","ACC","0.052","0.076","0.02","0.045","0.053","0.079","0.04","0.088"
"2025","5121750","Yamir Knight","WR","SMU","ACC","0.081","0.148","0.003","0.07","0.08","0.108","0.069","0.109"
"2025","5124975","Juelz Goff","RB","Pittsburgh","ACC","0.107","0.038","0.2","0.128","0.098","0.087","0.139","0.048"
"2025","5125580","Chad Alexander","RB","Georgia Tech","ACC","0.031","0.029","0.037","0.036","0","0.08","0.033","0.029"
"2025","5125593","Bailey Stockton","WR","Georgia Tech","ACC","0.047","0.102","0.004","0.019","0.076","0.071","0.027","0.107"
"2025","5125819","Darrell Gill Jr.","WR","Syracuse","ACC","0.082","0.151","0.003","0.073","0.078","0.122","0.057","0.131"
"2025","5126464","Deuce Adams","QB","Louisville","ACC","0.088","0.123","0.061","0.076","0.078","0.127","0.077","0.121"
"2025","5126471","Daniel Kaelin","QB","Virginia","ACC","0.158","0.302","0.043","0.173","0.114","0.205","0.154","0.168"
"2025","5126513","Jayden Scott","RB","NC State","ACC","0.151","0.041","0.268","0.195","0.159","0.065","0.171","0.108"
"2025","5132253","Isiah Canion","WR","Georgia Tech","ACC","0.06","0.135","0","0.051","0.037","0.123","0.042","0.116"
"2025","5132812","Aaron Philo","QB","Georgia Tech","ACC","0.143","0.192","0.095","0","0.273","0.375","0.081","0.333"
"2025","5136049","Duke Watson","RB","Louisville","ACC","0.119","0.031","0.241","0.157","0.119","0.04","0.14","0.07"
"2025","5138131","Deshawn Purdie","QB","Wake Forest","ACC","0.137","0.283","0.013","0.09","0.184","0.163","0.098","0.213"
"2025","5141351","Josiah Abdullah","WR","Virginia","ACC","0.035","0.088","0","0.024","0.08","0","0.048","0"
"2025","5141362","Jordan Allen","WR","Georgia Tech","ACC","0.047","0.077","0.018","0.042","0.068","0.025","0.033","0.084"
"2025","5141422","Gideon Davidson","RB","Clemson","ACC","0.104","0.036","0.186","0.112","0.126","0.065","0.114","0.08"
"2025","5141467","Luka Gilbert","TE","Miami","ACC","0.031","0.059","0","0.015","0.023","0","0.029","0.037"
"2025","5141487","Ty Hawkins","QB","SMU","ACC","0.036","0.042","0.033","0.044","0.031","0.031","0.043","0.019"
"2025","5141558","Davon Mitchell","TE","Louisville","ACC","0.015","0.028","0","0.029","0","0","0.019","0"
"2025","5141560","Ousmane Kromah","RB","Florida State","ACC","0.097","0.032","0.146","0.13","0.08","0.064","0.12","0.043"
"2025","5141593","Joshua Moore","WR","Miami","ACC","0.025","0.053","0","0.025","0.03","0.019","0.018","0.044"
"2025","5141601","Shamarius Peterkin","WR","Virginia Tech","ACC","0.055","0.167","0","0.068","0.03","0.036","0.051","0.067"
"2025","5141605","Luke Nickel","QB","Miami","ACC","0.014","0.03","0","0.027","0","0","0.018","0"
"2025","5141634","Steele Pizzella","QB","Wake Forest","ACC","0.038","0.036","0.042","0.042","0.056","0","0.059","0"
"2025","5141640","Cam Sapp","WR","Pittsburgh","ACC","0.016","0.027","0","0.036","0","0","0.021","0"
"2025","5141653","Daylon Singleton","WR","SMU","ACC","0.015","0.029","0","0","0","0.067","0.02","0"
"2025","5141657","Isaiah Robinson","WR","Virginia","ACC","0.024","0.055","0","0.014","0.061","0","0.009","0.055"
"2025","5141661","Kevin Sperry","QB","Florida State","ACC","0.107","0.235","0.035","0.132","0.1","0.048","0.097","0.14"
"2025","5141677","Ja'Kyrian Turner","RB","Pittsburgh","ACC","0.203","0.071","0.374","0.266","0.184","0.111","0.23","0.152"
"2025","5141763","Amaree Williams","TE","Florida State","ACC","0.02","0.068","0","0.041","0","0","0.025","0"
"2025","5142238","Tyler Mason","RB","Virginia Tech","ACC","0.021","0.01","0.033","0.022","0.016","0.029","0.028","0"
"2025","5142321","Chris Wheatley-Humphrey","RB","Miami","ACC","0.07","0","0.147","0.067","0.09","0.04","0.072","0.064"
"2025","5142604","Brock Schott","TE","Miami","ACC","0.03","0.053","0","0.029","0.043","0","0.019","0.077"
"2025","5143191","Micah Ford","RB","Stanford","ACC","0.268","0.049","0.514","0.311","0.29","0.14","0.34","0.112"
"2025","5143595","Shaun Boykins","WR","Louisville","ACC","0.15","0.009","0.28","0.149","0.19","0.087","0.173","0.07"
"2025","5143920","John Rogers","TE","Virginia","ACC","0.028","0.063","0","0.031","0.025","0.022","0.023","0.038"
"2025","5145453","Jeremiah Melvin","WR","Wake Forest","ACC","0.035","0.066","0","0.02","0.059","0.04","0.014","0.073"
"2025","5145789","Cole Geer","QB","Virginia","ACC","0.03","0.027","0.033","0.029","0.02","0.051","0.036","0.018"
"2025","5146724","Turbo Richard","RB","Boston College","ACC","0.234","0.091","0.438","0.259","0.235","0.192","0.275","0.138"
"2025","5146747","Javarius Green","WR","North Carolina","ACC","0.066","0.119","0","0.042","0.057","0.105","0.066","0.065"
"2025","5146755","Jamie Tremble","TE","Syracuse","ACC","0.012","0.023","0","0.027","0","0","0.016","0"
"2025","5146764","Benjamin Blackburn","TE","Stanford","ACC","0.023","0.044","0","0.035","0.007","0.028","0.03","0.012"
"2025","5147203","Chase Tyler","WR","Duke","ACC","0.019","0.034","0","0.008","0.023","0.021","0.011","0.037"
"2025","5147376","Kameron Courtney","WR","Virginia","ACC","0.043","0.082","0.009","0.054","0.03","0.049","0.04","0.05"
"2025","5148611","Will Wilson","QB","NC State","ACC","0.064","0.015","0.113","0.034","0.033","0.118","0.083","0.02"
"2025","5148822","Chris Barnes","WR","Wake Forest","ACC","0.092","0.153","0.036","0.121","0.059","0.085","0.099","0.079"
"2025","5150561","Olsen Patt-Henry","TE","Clemson","ACC","0.036","0.065","0","0.028","0.044","0.042","0.032","0.046"
"2025","5150563","Tristan Martinez","WR","Clemson","ACC","0.015","0.027","0","0.029","0","0","0.022","0"
"2025","5150835","Michael Grant","QB","Florida State","ACC","0.014","0.053","0","0","0","0","0","0.077"
"2025","5150861","Jayden Dixon-Veal","WR","California","ACC","0.03","0.046","0.008","0.023","0.048","0.017","0.024","0.045"
"2025","5151024","Jaedon King","WR","Louisville","ACC","0.017","0.029","0","0","0.059","0","0","0.077"
"2025","5151802","Griffin Reimer","TE","NC State","ACC","0.017","0.029","0","0","0","0.143","0.023","0"
"2025","5151811","Coleson Fields","RB","NC State","ACC","0.053","0.023","0.085","0.056","0.047","0.068","0.041","0.088"
"2025","5152167","Brendan Doyle","TE","Stanford","ACC","0.036","0.061","0","0.043","0.063","0","0.026","0.059"
"2025","5152839","Jaylen King","QB","Florida State","ACC","0.038","0.04","0.038","0.024","0.077","0","0.046","0"
"2025","5153074","Carlos Hernandez","WR","Wake Forest","ACC","0.088","0.179","0.005","0.084","0.106","0.077","0.072","0.121"
"2025","5154303","Zion Fowler-El","WR","Pittsburgh","ACC","0.048","0.086","0","0.043","0.044","0.077","0.04","0.069"
"2025","5154304","Caleb Williams","RB","Pittsburgh","ACC","0.03","0.016","0.049","0.04","0","0.043","0.043","0"
"2025","5154413","Isaiah Spencer","WR","Virginia Tech","ACC","0.036","0.072","0.003","0.029","0.04","0.048","0.027","0.053"
"2025","5155179","Jacob De Jesus","WR","California","ACC","0.176","0.284","0.021","0.144","0.185","0.218","0.148","0.237"
"2025","5155366","Malachi Hosley","RB","Georgia Tech","ACC","0.134","0.047","0.216","0.133","0.154","0.113","0.138","0.125"
"2025","5156056","Caleb Hampton","RB","Stanford","ACC","0.045","0.008","0.117","0.056","0.029","0.038","0.066","0.012"
"2025","5156057","Myles Libman","WR","Stanford","ACC","0.025","0.046","0","0.017","0.039","0.022","0.023","0.028"
"2025","5156116","Juju Preston","WR","Clemson","ACC","0.015","0.027","0","0","0","0.077","0","0.048"
"2025","5156440","Jamarice Wilder","RB","Louisville","ACC","0.067","0","0.16","0.063","0.118","0","0.064","0.077"
"2025","5156998","CharMar Brown","RB","Miami","ACC","0.138","0.04","0.237","0.157","0.111","0.139","0.162","0.066"
"2025","5159175","Malachi Toney","WR","Miami","ACC","0.15","0.273","0.042","0.147","0.142","0.168","0.133","0.196"
"2025","5159453","Darius Johnson","RB","NC State","ACC","0.051","0","0.12","0.03","0.111","0","0.068","0"
"2025","5159481","Dominic Deluca","TE","Wake Forest","ACC","0.027","0.059","0","0.03","0","0.063","0.022","0.034"
"2025","5159944","Kris Hughes","WR","Louisville","ACC","0.038","0.069","0","0.02","0.03","0.098","0.03","0.063"
"2025","5159948","Chris Johnson Jr.","RB","SMU","ACC","0.108","0.048","0.184","0.127","0.108","0.068","0.109","0.105"
"2025","5160640","Anthony Ferrucci","RB","Boston College","ACC","0.051","0","0.108","0.057","0.042","0.056","0.065","0"
"2025","5161137","Dean-Taylor Chapman","RB","California","ACC","0.012","0","0.026","0.026","0","0","0.015","0"
"2025","5161638","Tyler Chandler","RB","Syracuse","ACC","0.014","0","0.029","0.026","0","0","0.018","0"
"2025","5161652","Ja'Ricous Hairston","TE","Virginia Tech","ACC","0.03","0.065","0","0.009","0.019","0.08","0.018","0.056"
"2025","5161835","Jaylen McGill","RB","North Carolina","ACC","0.037","0.043","0.031","0.038","0.021","0.062","0.034","0.043"
"2025","5164313","Jaron-Keawe Sagapolutele","QB","California","ACC","0.596","0.946","0.091","0.492","0.654","0.735","0.497","0.816"
"2025","5164317","Shaker Reisig","QB","Boston College","ACC","0.129","0.19","0.048","0.103","0.127","0.15","0.133","0.121"
"2025","5164327","Anthony League","RB","California","ACC","0.048","0.018","0.093","0.061","0.056","0","0.054","0.034"
"2025","5164331","Girard Pringle Jr.","RB","Miami","ACC","0.12","0.017","0.223","0.163","0.121","0","0.132","0.081"
"2025","5164332","Nate Sheppard","RB","Duke","ACC","0.247","0.084","0.448","0.296","0.278","0.144","0.273","0.187"
"2025","5164345","Chase Loftin","TE","Florida State","ACC","0.014","0.053","0","0.03","0","0","0.018","0"
"2025","5164350","Jayvan Boggs","WR","Florida State","ACC","0.047","0.115","0","0.044","0.05","0.058","0.047","0.047"
"2025","5164352","Carterrious Brown","WR","SMU","ACC","0.031","0.06","0","0","0.098","0","0","0.103"
"2025","5164365","Daylyn Upshaw","WR","Miami","ACC","0.021","0.043","0","0.006","0.034","0.043","0.008","0.065"
"2025","5165117","Mark Hamper","WR","California","ACC","0.047","0.077","0","0.044","0.043","0.066","0.043","0.054"
"2025","5165154","Mason Mini","TE","California","ACC","0.071","0.118","0.004","0.048","0.076","0.115","0.063","0.087"
"2025","5186586","Ty Clark III","RB","Wake Forest","ACC","0.087","0.048","0.126","0.056","0.103","0.115","0.089","0.081"
"2025","5197034","Malachi Thomas","TE","Pittsburgh","ACC","0.029","0.053","0","0.013","0.028","0.044","0.019","0.047"
"2025","5199946","Gabe Daniels","WR","Syracuse","ACC","0.042","0.081","0","0.077","0","0","0.054","0"
"2025","5203590","Madrid Tucker","WR","North Carolina","ACC","0.019","0.038","0","0.048","0","0","0.036","0"
"2025","5206061","Darien Williams","WR","Syracuse","ACC","0.045","0.095","0.006","0.04","0.031","0.085","0.031","0.076"
"2025","5207842","Jalen Cooper","WR","SMU","ACC","0.064","0.124","0","0.083","0.053","0.038","0.071","0.045"
"2025","5207927","Dramekco Green","RB","SMU","ACC","0.092","0.016","0.173","0.128","0.083","0.022","0.106","0.056"
"2025","5208095","Mason Heintschel","QB","Pittsburgh","ACC","0.54","0.864","0.166","0.415","0.608","0.709","0.449","0.717"
"2025","5208138","Luke Carney","QB","Syracuse","ACC","0.063","0.07","0.058","0.042","0.081","0.07","0.056","0.077"
"2025","5208592","Bo MacCormack III","RB","Boston College","ACC","0.063","0.02","0.112","0.076","0.074","0.018","0.072","0.037"
"2025","5209161","Malachi Coleman","RB","Syracuse","ACC","0.042","0","0.075","0.053","0.056","0","0.059","0"
"2025","5209709","Teriq Mallory","WR","Florida State","ACC","0.014","0.053","0","0","0","0","0","0.077"
"2025","5209762","Shane Marshall","RB","Georgia Tech","ACC","0.02","0","0.048","0.037","0","0","0.027","0"
"2025","5210003","Chris Denson","QB","Clemson","ACC","0.064","0.036","0.107","0.063","0.1","0.031","0.077","0.041"
"2025","5210164","Bryce Yates","WR","Pittsburgh","ACC","0.028","0.052","0","0.014","0.051","0.029","0.027","0.03"
"2025","5210515","Daunte Bacheyie","TE","Syracuse","ACC","0.019","0.039","0","0.025","0.011","0.019","0.021","0.012"
"2025","5210729","Xay Davis","RB","Virginia","ACC","0.069","0","0.128","0.05","0.097","0.079","0.076","0.056"
"2025","5211163","Mekhi Dodd","RB","Boston College","ACC","0.065","0.015","0.132","0.053","0.077","0.042","0.09","0"
"2025","5212231","Dillon Newton-Short","WR","Virginia","ACC","0.021","0.045","0","0.038","0","0.019","0.024","0.014"
"2025","5212611","Tony Kinsler","WR","Pittsburgh","ACC","0.013","0.024","0","0.02","0","0.022","0.021","0"
"2025","5212990","Darius Johnson","WR","Syracuse","ACC","0.029","0.067","0","0.035","0.03","0.021","0.023","0.04"
"2025","5213239","Au'Tori Newkirk","QB","North Carolina","ACC","0.062","0.1","0.02","0.074","0.057","0.042","0.085","0"
"2025","5214409","Jeffrey Overton Jr.","RB","Virginia Tech","ACC","0.014","0","0.028","0.036","0","0","0.024","0"
"2025","5214566","Dawson Pough","WR","Boston College","ACC","0.04","0.071","0","0.048","0.015","0.06","0.042","0.036"
"2025","5215011","J.P. Powell","RB","Georgia Tech","ACC","0.041","0","0.095","0.037","0.091","0","0.054","0"
"2025","5215337","Preston Douglas","TE","NC State","ACC","0.015","0.017","0.014","0","0","0.038","0.01","0.026"
"2025","5216505","Jamar Searcy","RB","Wake Forest","ACC","0.027","0","0.053","0.036","0.034","0","0.025","0.032"
"2025","5218242","Zay Parks","RB","Florida State","ACC","0.101","0","0.144","0.095","0.087","0.167","0.09","0.154"
"2025","5218243","Jeremiah Johnson","RB","Florida State","ACC","0.068","0","0.096","0.041","0.087","0.083","0.049","0.154"
"2025","5218249","Willy Suarez","WR","Florida State","ACC","0.014","0.04","0","0.03","0","0","0.019","0"
"2025","5218741","Jayden Parker","RB","California","ACC","0.012","0","0.026","0","0.034","0","0.015","0"
"2025","5218742","Isaac Torres","WR","California","ACC","0.012","0.022","0","0","0.034","0","0","0.056"
"2025","5218753","T.J. Moore","WR","Clemson","ACC","0.089","0.16","0.005","0.094","0.083","0.102","0.08","0.113"
"2025","5218756","Clark Sanderson","WR","Clemson","ACC","0.023","0.036","0","0.018","0.023","0","0.011","0.048"
"2025","5218757","Chase Byrd","WR","Clemson","ACC","0.022","0.039","0","0.016","0.024","0.04","0.011","0.05"
"2025","5218787","Que'Sean Brown","WR","Duke","ACC","0.092","0.168","0.002","0.088","0.079","0.117","0.08","0.121"
"2025","5218907","Luke Harpring","TE","Georgia Tech","ACC","0.041","0.097","0","0.036","0.045","0.048","0.031","0.073"
"2025","5219169","Charleston French","RB","North Carolina","ACC","0.035","0.04","0.031","0.042","0","0.071","0.025","0.059"
"2025","5219225","Zach Hernandez","RB","SMU","ACC","0.032","0","0.063","0.032","0.05","0","0.045","0"
"2025","5219242","Marcus Brown","WR","Stanford","ACC","0.043","0.08","0","0.012","0.038","0.1","0.015","0.099"
"2025","5220007","Tank Boston","WR","NC State","ACC","0.051","0.088","0","0.03","0.056","0.143","0.023","0.133"
"2025","5220011","Dante Daniels","TE","NC State","ACC","0.023","0.047","0","0.035","0.011","0.019","0.033","0"
"2025","5220614","Jacob Stewart","TE","Louisville","ACC","0.016","0.029","0","0.012","0.016","0.026","0.007","0.035"
"2025","5220893","Elijah Washington-Baker","TE","Syracuse","ACC","0.014","0.029","0","0","0.042","0","0","0.034"
"2025","5222676","Brady Clough","TE","Boston College","ACC","0.013","0.024","0","0","0","0.056","0.016","0"
"2025","5225740","Tristan Smith","WR","Clemson","ACC","0.054","0.098","0","0.048","0.037","0.091","0.049","0.068"
"2025","5228607","Demon June","RB","North Carolina","ACC","0.16","0.058","0.282","0.179","0.201","0.077","0.176","0.12"
"2025","5231354","Caden High","WR","Stanford","ACC","0.068","0.125","0.003","0.048","0.07","0.094","0.043","0.118"
"2025","5239156","Jack Foley","WR","Wake Forest","ACC","0.029","0.059","0","0.032","0.045","0","0.022","0.043"
"2025","5250264","Kaelan Chudzinski","TE","Boston College","ACC","0.049","0.086","0","0.043","0.032","0.092","0.041","0.07"
"2025","5260847","Marcellous Hawkins","RB","Virginia Tech","ACC","0.174","0.051","0.287","0.214","0.16","0.113","0.216","0.09"
"2025","5261613","Tylik Hill","RB","Syracuse","ACC","0.062","0.007","0.108","0.101","0.054","0","0.09","0"
"2025","5265128","Shanard Clower","WR","North Carolina","ACC","0.06","0.096","0.009","0.048","0.068","0.063","0.068","0.043"
"2025","5294076","Greyson Labiad","TE","Florida State","ACC","0.026","0.08","0","0.049","0","0","0.031","0"
"2025","5294114","Owen Gardner","RB","Virginia","ACC","0.024","0","0.04","0.049","0","0","0.032","0"
"2025","5295336","Link Rhodes","WR","SMU","ACC","0.018","0.025","0.011","0.022","0.017","0.014","0.016","0.023"
"2025","5296066","Ethan Dowdy","WR","NC State","ACC","0.051","0.088","0","0.03","0.056","0.143","0.045","0.067"
"2025","5296067","Teddy Hoffmann","WR","NC State","ACC","0.04","0.08","0","0.028","0.052","0.057","0.037","0.048"
"2025","5296136","Braxton Jennings","RB","Louisville","ACC","0.158","0.027","0.28","0.157","0.19","0.109","0.173","0.105"
"2025","5296232","Justin Cook","RB","Pittsburgh","ACC","0.09","0.086","0.105","0.088","0.091","0.089","0.102","0.068"
"2025","5297026","Joseph Filardi","QB","Syracuse","ACC","0.336","0.642","0.132","0.245","0.364","0.452","0.237","0.527"
